{
    "n_repeat": 1,
    "data_configs": {
        "data_name": "fully_random_iv",
        "fully_random_num": 1,
        "bootstrap_seed": 0,
        "data_size": 5000,
        "guideline_path": "final_configs/dfiv_fully_random_multivariate_2_0/simulation.yml" 
    },
    "model_configs":{
        "batch_normalization": false,
        "num_layer": 3,
        "hidden_dim": 25
    },
    "train_configs": {
        "lam1": 0.07313165841049793,
        "lam2": 0.13114985374109736,
        "stage1_iter": 10,
        "covariate_iter": 10,
        "stage2_iter": 0,
        "n_epoch": 173,
        "split_ratio": 0.5603985596985603,
        "lr_scheduler": false,
        "covariate_lr": 0.00008894098038675545,
        "covariate_lr_gamma": 0.9786524068620112,
        "covariate_weight_decay": 0.00000067746848388586,
        "instrumental_lr": 0.00007467623434163445,
        "instrumental_lr_gamma": 0.967379935360909,
        "instrumental_weight_decay": 0.00000044461685056974,
        "treatment_lr": 0.00003813712376261401,
        "treatment_lr_gamma": 0.9826480394879727,
        "treatment_weight_decay": 0.00000076642142363593
    }
}