{
    "n_repeat": 20,
    "data_configs": {
        "data_name": "spaceiv",
        "spaceiv_datadir": "../spaceIV/data",
        "case": "case:vanilla",
        "data_size": 3200,
        "val_size": 400,
        "test_size": 400,
        "dim_iv": 10,
        "dim_ts": 20
    },
    "model_configs": {
        "batch_normalization": false,
        "instrument_num_layer": 4,
        "instrument_hidden_dim": 57,
        "treatment_num_layer": 4,
        "treatment_hidden_dim": 57
    },
    "train_configs": {
        "lam1": 0.12985167851718643,
        "lam2": 0.1467834053222799,
        "stage1_iter": 10,
        "stage2_iter": 10,
        "covariate_iter": 8,
        "n_epoch": 300,
        "lr_scheduler": true,
        "split_ratio": 0.5961562526225863,
        "treatment_lr": 0.00000368625724057323,
        "treatment_lr_gamma": 0.9754090946379184,
        "treatment_weight_decay": 0.00000919324610376254,
        "instrumental_lr": 0.00005560770180315491,
        "instrumental_lr_gamma": 0.9869132975721796,
        "instrumental_weight_decay": 0.00000995328004609899,
        "covariate_lr": 0.00000873996382656785,
        "covariate_lr_gamma": 0.9885801985555236,
        "covariate_weight_decay": 0.00000764128968087333
    }
}